Group,Mouse ID,Sex,PFOA,PFOS,PFBA,PFPeA,PFHxA,PFHpA,PFNA,PFDA,PFUdA,PFDoA,PFTrDA,PFTeDA,PFBS,PFPeS,PFHxS_T,PFHpS,PFNS,PFDS,4_2-FTS,6_2_FTS,8_2-FTS,N-MeFOSAA,N-EtFOSAA,FOSA
Naive,MN65,Male,<MDL,19.4,0.538,<MDL,<MDL,<MDL,0.234,0.200,0.146,<MDL,<MDL,<MDL,0.195,<MDL,0.813,0.983,<MDL,<MDL,<MDL,<MDL,<MDL,<MDL,<MDL,NA
Naive,MN66,Male,<MDL,30.5,0.654,<MDL,<MDL,<MDL,0.198,0.185,0.144,<MDL,<MDL,<MDL,0.154,<MDL,0.650,1.068,<MDL,<MDL,<MDL,<MDL,<MDL,<MDL,<MDL,NA
Naive,MN67,Male,<MDL,4.20,0.541,<MDL,<MDL,<MDL,0.225,0.172,0.141,<MDL,<MDL,<MDL,<MDL,<MDL,<MDL,<MDL,<MDL,<MDL,<MDL,<MDL,<MDL,<MDL,<MDL,NA
Naive,MN68,Male,<MDL,8.87,0.456,<MDL,<MDL,<MDL,0.141,<MDL,<MDL,<MDL,<MDL,<MDL,<MDL,<MDL,<MDL,0.401,<MDL,<MDL,<MDL,<MDL,<MDL,<MDL,<MDL,NA
Naive,MN69,Male,<MDL,24.3,0.419,<MDL,<MDL,<MDL,0.124,<MDL,<MDL,<MDL,<MDL,<MDL,<MDL,<MDL,1.031,1.856,<MDL,<MDL,<MDL,<MDL,<MDL,<MDL,<MDL,NA
Naive,MN70,Male,<MDL,14.6,0.494,<MDL,<MDL,<MDL,0.142,0.132,0.126,<MDL,<MDL,<MDL,<MDL,<MDL,0.454,0.539,<MDL,<MDL,<MDL,<MDL,<MDL,<MDL,<MDL,NA
Naive,MN71,Male,<MDL,1.88,0.438,<MDL,<MDL,<MDL,0.178,0.138,<MDL,<MDL,<MDL,<MDL,0.191,<MDL,<MDL,<MDL,<MDL,<MDL,<MDL,<MDL,<MDL,<MDL,<MDL,NA
Naive,MN72,Male,<MDL,1.81,0.444,<MDL,<MDL,<MDL,<MDL,<MDL,<MDL,<MDL,<MDL,<MDL,0.228,<MDL,<MDL,<MDL,<MDL,<MDL,<MDL,<MDL,<MDL,<MDL,<MDL,NA
Vehicle,MV73,Male,5.23,27.6,0.699,0.37,<MDL,<MDL,0.127,<MDL,<MDL,<MDL,<MDL,<MDL,<MDL,<MDL,0.361,0.813,<MDL,<MDL,<MDL,<MDL,<MDL,<MDL,<MDL,NA
Vehicle,MV74,Male,3.76,4.80,0.460,<MDL,<MDL,<MDL,0.197,0.184,0.167,<MDL,<MDL,<MDL,<MDL,<MDL,<MDL,0.179,<MDL,<MDL,<MDL,<MDL,<MDL,<MDL,<MDL,NA
Vehicle,MV75,Male,4.95,4.40,0.626,<MDL,<MDL,<MDL,0.199,0.188,<MDL,<MDL,<MDL,<MDL,<MDL,<MDL,<MDL,<MDL,<MDL,<MDL,<MDL,<MDL,<MDL,<MDL,<MDL,NA
Vehicle,MV76,Male,3.56,6.61,0.322,<MDL,<MDL,<MDL,0.208,0.221,0.208,<MDL,<MDL,<MDL,<MDL,<MDL,<MDL,0.227,<MDL,<MDL,<MDL,<MDL,<MDL,<MDL,<MDL,NA
Vehicle,MV77,Male,2.96,2.39,0.439,<MDL,<MDL,<MDL,0.211,0.159,0.126,<MDL,<MDL,<MDL,<MDL,<MDL,<MDL,<MDL,<MDL,<MDL,<MDL,<MDL,<MDL,<MDL,<MDL,NA
Vehicle,MV78,Male,1.66,12.9,0.587,<MDL,<MDL,<MDL,0.198,0.195,0.202,<MDL,<MDL,<MDL,<MDL,<MDL,0.675,0.661,<MDL,<MDL,<MDL,<MDL,<MDL,<MDL,<MDL,NA
Vehicle,MV79,Male,2.34,12.2,0.371,<MDL,<MDL,<MDL,0.167,0.198,<MDL,<MDL,<MDL,<MDL,<MDL,<MDL,0.246,0.496,<MDL,<MDL,<MDL,<MDL,<MDL,<MDL,<MDL,NA
Vehicle,MV80,Male,1.95,4.95,0.567,<MDL,<MDL,0.135,0.315,0.240,0.229,0.143,<MDL,<MDL,0.191,<MDL,0.212,0.260,<MDL,<MDL,<MDL,<MDL,<MDL,<MDL,<MDL,NA
PFOA 0.166,MA81,Male,7.23,0.055,<MDL,<MDL,<MDL,0.018,<MDL,<MDL,<MDL,<MDL,<MDL,<MDL,<MDL,<MDL,<MDL,<MDL,<MDL,<MDL,<MDL,<MDL,<MDL,<MDL,<MDL,<MDL
PFOA 0.166,MA82,Male,6.88,<MDL,<MDL,<MDL,<MDL,<MDL,<MDL,<MDL,<MDL,<MDL,<MDL,<MDL,<MDL,<MDL,<MDL,<MDL,<MDL,<MDL,<MDL,<MDL,<MDL,<MDL,<MDL,<MDL
PFOA 0.166,MA83,Male,7.35,0.065,<MDL,<MDL,<MDL,<MDL,<MDL,<MDL,<MDL,<MDL,<MDL,<MDL,<MDL,<MDL,<MDL,<MDL,<MDL,<MDL,<MDL,<MDL,<MDL,<MDL,<MDL,<MDL
PFOA 0.166,MA84,Male,7.34,<MDL,<MDL,<MDL,<MDL,<MDL,<MDL,<MDL,<MDL,<MDL,<MDL,<MDL,<MDL,<MDL,<MDL,<MDL,<MDL,<MDL,<MDL,<MDL,<MDL,<MDL,<MDL,<MDL
PFOA 0.166,MA85,Male,NA,NA,NA,NA,NA,NA,NA,NA,NA,NA,NA,NA,NA,NA,NA,NA,NA,NA,NA,NA,NA,NA,NA,NA
PFOA 0.166,MA86,Male,8.7,<MDL,<MDL,<MDL,<MDL,<MDL,<MDL,<MDL,<MDL,<MDL,<MDL,<MDL,<MDL,<MDL,<MDL,<MDL,<MDL,<MDL,<MDL,<MDL,<MDL,<MDL,<MDL,<MDL
PFOA 0.166,MA87,Male,6.23,<MDL,<MDL,<MDL,<MDL,<MDL,<MDL,<MDL,<MDL,<MDL,<MDL,<MDL,<MDL,<MDL,<MDL,<MDL,<MDL,<MDL,<MDL,<MDL,<MDL,<MDL,<MDL,<MDL
PFOA 0.166,MA88,Male,8.2,<MDL,<MDL,<MDL,<MDL,<MDL,<MDL,<MDL,<MDL,<MDL,<MDL,<MDL,<MDL,<MDL,<MDL,<MDL,<MDL,<MDL,<MDL,<MDL,<MDL,<MDL,<MDL,<MDL
PFOA 0.5,MA89,Male,19.8,<MDL,<MDL,<MDL,<MDL,<MDL,<MDL,<MDL,<MDL,<MDL,<MDL,<MDL,<MDL,<MDL,<MDL,<MDL,<MDL,<MDL,<MDL,<MDL,<MDL,<MDL,<MDL,<MDL
PFOA 0.5,MA90,Male,20,<MDL,<MDL,<MDL,<MDL,<MDL,<MDL,<MDL,<MDL,<MDL,<MDL,<MDL,<MDL,<MDL,<MDL,<MDL,<MDL,<MDL,<MDL,<MDL,<MDL,<MDL,<MDL,<MDL
PFOA 0.5,MA91,Male,22.3,<MDL,<MDL,<MDL,<MDL,<MDL,<MDL,<MDL,<MDL,<MDL,<MDL,<MDL,<MDL,<MDL,<MDL,<MDL,<MDL,<MDL,<MDL,<MDL,<MDL,<MDL,<MDL,<MDL
PFOA 0.5,MA92,Male,21.5,<MDL,<MDL,<MDL,<MDL,<MDL,<MDL,<MDL,<MDL,<MDL,<MDL,<MDL,<MDL,<MDL,<MDL,<MDL,<MDL,<MDL,<MDL,<MDL,<MDL,<MDL,<MDL,<MDL
PFOA 0.5,MA93,Male,23.2,<MDL,<MDL,<MDL,<MDL,<MDL,<MDL,<MDL,<MDL,<MDL,<MDL,<MDL,<MDL,<MDL,<MDL,<MDL,<MDL,<MDL,<MDL,<MDL,<MDL,<MDL,<MDL,<MDL
PFOA 0.5,MA94,Male,24.8,<MDL,<MDL,<MDL,<MDL,<MDL,<MDL,<MDL,<MDL,<MDL,<MDL,<MDL,<MDL,<MDL,<MDL,<MDL,<MDL,<MDL,<MDL,<MDL,<MDL,<MDL,<MDL,<MDL
PFOA 0.5,MA95,Male,21.6,<MDL,<MDL,<MDL,<MDL,<MDL,<MDL,<MDL,<MDL,<MDL,<MDL,<MDL,<MDL,<MDL,<MDL,<MDL,<MDL,<MDL,<MDL,<MDL,<MDL,<MDL,<MDL,<MDL
PFOA 0.5,MA96,Male,22.5,<MDL,<MDL,<MDL,<MDL,<MDL,<MDL,<MDL,<MDL,<MDL,<MDL,<MDL,<MDL,<MDL,<MDL,<MDL,<MDL,<MDL,<MDL,<MDL,<MDL,<MDL,<MDL,<MDL
PFOA 1,MA97,Male,42,<MDL,<MDL,<MDL,<MDL,<MDL,<MDL,<MDL,<MDL,<MDL,<MDL,<MDL,<MDL,<MDL,<MDL,<MDL,<MDL,<MDL,<MDL,<MDL,<MDL,<MDL,<MDL,<MDL
PFOA 1,MA98,Male,32.3,<MDL,<MDL,<MDL,<MDL,<MDL,<MDL,<MDL,<MDL,<MDL,<MDL,<MDL,<MDL,<MDL,<MDL,<MDL,<MDL,<MDL,<MDL,<MDL,<MDL,<MDL,<MDL,<MDL
PFOA 1,MA99,Male,38.8,<MDL,<MDL,<MDL,<MDL,<MDL,<MDL,<MDL,<MDL,<MDL,<MDL,<MDL,<MDL,<MDL,<MDL,<MDL,<MDL,<MDL,<MDL,<MDL,<MDL,<MDL,<MDL,<MDL
PFOA 1,MA100,Male,48,<MDL,<MDL,<MDL,<MDL,<MDL,<MDL,<MDL,<MDL,<MDL,<MDL,<MDL,<MDL,<MDL,<MDL,<MDL,<MDL,<MDL,<MDL,<MDL,<MDL,<MDL,<MDL,<MDL
PFOA 1,MA101,Male,48.7,<MDL,<MDL,<MDL,<MDL,<MDL,<MDL,<MDL,<MDL,<MDL,<MDL,<MDL,<MDL,<MDL,<MDL,<MDL,<MDL,<MDL,<MDL,<MDL,<MDL,<MDL,<MDL,<MDL
PFOA 1,MA102,Male,42.1,<MDL,<MDL,<MDL,<MDL,<MDL,<MDL,<MDL,<MDL,<MDL,<MDL,<MDL,<MDL,<MDL,<MDL,<MDL,<MDL,<MDL,<MDL,<MDL,<MDL,<MDL,<MDL,<MDL
PFOA 1,MA103,Male,28.5,<MDL,<MDL,<MDL,<MDL,<MDL,<MDL,<MDL,<MDL,<MDL,<MDL,<MDL,<MDL,<MDL,<MDL,<MDL,<MDL,<MDL,<MDL,<MDL,<MDL,<MDL,<MDL,<MDL
PFOA 1,MA104,Male,37,<MDL,<MDL,<MDL,<MDL,<MDL,<MDL,<MDL,<MDL,<MDL,<MDL,<MDL,<MDL,<MDL,<MDL,<MDL,<MDL,<MDL,<MDL,<MDL,<MDL,<MDL,<MDL,<MDL
PFOA 1.5,MA105,Male,60.8,<MDL,<MDL,<MDL,<MDL,<MDL,<MDL,<MDL,<MDL,<MDL,<MDL,<MDL,<MDL,<MDL,<MDL,<MDL,<MDL,<MDL,<MDL,<MDL,<MDL,<MDL,<MDL,<MDL
PFOA 1.5,MA106,Male,47.1,<MDL,<MDL,<MDL,<MDL,<MDL,<MDL,<MDL,<MDL,<MDL,<MDL,<MDL,<MDL,<MDL,<MDL,<MDL,<MDL,<MDL,<MDL,<MDL,<MDL,<MDL,<MDL,<MDL
PFOA 1.5,MA107,Male,56.5,<MDL,<MDL,<MDL,<MDL,<MDL,<MDL,<MDL,<MDL,<MDL,<MDL,<MDL,<MDL,<MDL,<MDL,<MDL,<MDL,<MDL,<MDL,<MDL,<MDL,<MDL,<MDL,<MDL
PFOA 1.5,MA108,Male,46.6,<MDL,<MDL,<MDL,<MDL,<MDL,<MDL,<MDL,<MDL,<MDL,<MDL,<MDL,<MDL,<MDL,<MDL,<MDL,<MDL,<MDL,<MDL,<MDL,<MDL,<MDL,<MDL,<MDL
PFOA 1.5,MA109,Male,67.1,<MDL,<MDL,<MDL,<MDL,<MDL,<MDL,<MDL,<MDL,<MDL,<MDL,<MDL,<MDL,<MDL,<MDL,<MDL,<MDL,<MDL,<MDL,<MDL,<MDL,<MDL,<MDL,<MDL
PFOA 1.5,MA110,Male,71.7,<MDL,<MDL,<MDL,<MDL,<MDL,<MDL,<MDL,<MDL,<MDL,<MDL,<MDL,<MDL,<MDL,<MDL,<MDL,<MDL,<MDL,<MDL,<MDL,<MDL,<MDL,<MDL,<MDL
PFOA 1.5,MA111,Male,58.8,<MDL,<MDL,<MDL,0.405,<MDL,<MDL,<MDL,<MDL,<MDL,<MDL,<MDL,0.749,<MDL,<MDL,<MDL,<MDL,<MDL,<MDL,<MDL,<MDL,<MDL,<MDL,<MDL
PFOA 1.5,MA112,Male,52.6,<MDL,<MDL,<MDL,<MDL,<MDL,<MDL,<MDL,<MDL,<MDL,<MDL,<MDL,<MDL,<MDL,<MDL,<MDL,<MDL,<MDL,<MDL,<MDL,<MDL,<MDL,<MDL,<MDL
PFOS 0.166,MS113,Male,<MDL,43.2,<MDL,<MDL,<MDL,<MDL,<MDL,<MDL,<MDL,<MDL,<MDL,<MDL,<MDL,<MDL,1.05,1.9,<MDL,<MDL,<MDL,<MDL,<MDL,<MDL,<MDL,<MDL
PFOS 0.166,MS114,Male,<MDL,32.9,<MDL,<MDL,<MDL,<MDL,<MDL,<MDL,<MDL,<MDL,<MDL,<MDL,<MDL,<MDL,0.9,1.61,<MDL,<MDL,<MDL,<MDL,<MDL,<MDL,<MDL,<MDL
PFOS 0.166,MS115,Male,<MDL,41.5,<MDL,<MDL,<MDL,<MDL,<MDL,<MDL,<MDL,<MDL,<MDL,<MDL,<MDL,<MDL,0.975,2.05,<MDL,<MDL,<MDL,<MDL,<MDL,<MDL,<MDL,<MDL
PFOS 0.166,MS116,Male,<MDL,41.3,<MDL,<MDL,<MDL,<MDL,<MDL,<MDL,<MDL,<MDL,<MDL,<MDL,<MDL,<MDL,0.896,1.72,<MDL,<MDL,<MDL,<MDL,<MDL,<MDL,<MDL,<MDL
PFOS 0.166,MS117,Male,<MDL,41.7,<MDL,<MDL,<MDL,<MDL,<MDL,<MDL,<MDL,<MDL,<MDL,<MDL,<MDL,<MDL,0.92,1.89,<MDL,<MDL,<MDL,<MDL,<MDL,<MDL,<MDL,<MDL
PFOS 0.166,MS118,Male,<MDL,43.3,<MDL,<MDL,<MDL,<MDL,<MDL,<MDL,<MDL,<MDL,<MDL,<MDL,<MDL,<MDL,0.962,1.98,<MDL,<MDL,<MDL,<MDL,<MDL,<MDL,<MDL,<MDL
PFOS 0.166,MS119,Male,<MDL,35.2,<MDL,<MDL,<MDL,<MDL,<MDL,<MDL,<MDL,<MDL,<MDL,<MDL,<MDL,<MDL,0.865,1.67,<MDL,<MDL,<MDL,<MDL,<MDL,<MDL,<MDL,<MDL
PFOS 0.166,MS120,Male,<MDL,35.7,<MDL,<MDL,<MDL,<MDL,<MDL,<MDL,<MDL,<MDL,<MDL,<MDL,<MDL,<MDL,0.902,1.67,<MDL,<MDL,<MDL,<MDL,<MDL,<MDL,<MDL,<MDL
PFOS 0.5,MS121,Male,<MDL,94,<MDL,<MDL,<MDL,<MDL,<MDL,<MDL,<MDL,<MDL,<MDL,<MDL,<MDL,<MDL,2.67,4.83,<MDL,<MDL,<MDL,<MDL,<MDL,<MDL,<MDL,<MDL
PFOS 0.5,MS122,Male,<MDL,114,<MDL,<MDL,<MDL,<MDL,<MDL,<MDL,<MDL,<MDL,<MDL,<MDL,<MDL,<MDL,3.16,5.72,<MDL,<MDL,<MDL,<MDL,<MDL,<MDL,<MDL,<MDL
PFOS 0.5,MS123,Male,<MDL,87.7,<MDL,<MDL,<MDL,<MDL,<MDL,<MDL,<MDL,<MDL,<MDL,<MDL,<MDL,<MDL,2.88,4.82,<MDL,<MDL,<MDL,<MDL,<MDL,<MDL,<MDL,<MDL
PFOS 0.5,MS124,Male,<MDL,87.3,<MDL,<MDL,<MDL,<MDL,<MDL,<MDL,<MDL,<MDL,<MDL,<MDL,<MDL,<MDL,3.09,4.92,<MDL,<MDL,<MDL,<MDL,<MDL,<MDL,<MDL,<MDL
PFOS 0.5,MS125,Male,<MDL,119.3,<MDL,<MDL,<MDL,<MDL,<MDL,<MDL,<MDL,<MDL,<MDL,<MDL,<MDL,<MDL,2.76,5.19,<MDL,<MDL,<MDL,<MDL,<MDL,<MDL,<MDL,<MDL
PFOS 0.5,MS126,Male,<MDL,68.9,<MDL,<MDL,<MDL,<MDL,<MDL,<MDL,<MDL,<MDL,<MDL,<MDL,<MDL,<MDL,1.86,2.6,<MDL,<MDL,<MDL,<MDL,<MDL,<MDL,<MDL,<MDL
PFOS 0.5,MS127,Male,<MDL,81.9,<MDL,<MDL,<MDL,<MDL,<MDL,<MDL,<MDL,<MDL,<MDL,<MDL,<MDL,<MDL,2.82,4.41,<MDL,<MDL,<MDL,<MDL,<MDL,<MDL,<MDL,<MDL
PFOS 0.5,MS128,Male,<MDL,81.7,<MDL,<MDL,<MDL,<MDL,<MDL,<MDL,<MDL,<MDL,<MDL,<MDL,<MDL,<MDL,2.44,4.24,<MDL,<MDL,<MDL,<MDL,<MDL,<MDL,<MDL,<MDL
PFOS 1,MS129,Male,<MDL,160,<MDL,<MDL,<MDL,<MDL,<MDL,<MDL,<MDL,<MDL,<MDL,<MDL,<MDL,<MDL,5.3,8.29,<MDL,<MDL,<MDL,<MDL,<MDL,<MDL,<MDL,<MDL
PFOS 1,MS130,Male,<MDL,147,<MDL,<MDL,<MDL,<MDL,<MDL,<MDL,<MDL,<MDL,<MDL,<MDL,<MDL,<MDL,5.46,8.93,<MDL,<MDL,<MDL,<MDL,<MDL,<MDL,<MDL,<MDL
PFOS 1,MS131,Male,<MDL,123,<MDL,<MDL,<MDL,<MDL,<MDL,<MDL,<MDL,<MDL,<MDL,<MDL,<MDL,<MDL,5.8,8.06,<MDL,<MDL,<MDL,<MDL,<MDL,<MDL,<MDL,<MDL
PFOS 1,MS132,Male,<MDL,138,<MDL,<MDL,<MDL,<MDL,<MDL,<MDL,<MDL,<MDL,<MDL,<MDL,<MDL,<MDL,5.02,7.91,<MDL,<MDL,<MDL,<MDL,<MDL,<MDL,<MDL,<MDL
PFOS 1,MS133,Male,<MDL,176,<MDL,0.086,<MDL,<MDL,<MDL,<MDL,<MDL,<MDL,<MDL,<MDL,<MDL,<MDL,6.18,10.3,<MDL,<MDL,<MDL,<MDL,<MDL,<MDL,<MDL,<MDL
PFOS 1,MS134,Male,<MDL,234,<MDL,<MDL,<MDL,<MDL,<MDL,<MDL,<MDL,<MDL,<MDL,<MDL,<MDL,<MDL,6.3,11.6,<MDL,<MDL,<MDL,<MDL,<MDL,<MDL,<MDL,<MDL
PFOS 1,MS135,Male,1.94,130,<MDL,<MDL,<MDL,<MDL,<MDL,<MDL,<MDL,<MDL,<MDL,<MDL,<MDL,<MDL,5.89,8.26,<MDL,<MDL,<MDL,<MDL,<MDL,<MDL,<MDL,<MDL
PFOS 1,MS136,Male,<MDL,157,<MDL,<MDL,<MDL,<MDL,<MDL,<MDL,<MDL,<MDL,<MDL,<MDL,<MDL,<MDL,5.44,8.61,<MDL,<MDL,<MDL,<MDL,<MDL,<MDL,<MDL,<MDL
PFOS 1.5,MS137,Male,<MDL,224,<MDL,<MDL,<MDL,<MDL,<MDL,<MDL,<MDL,<MDL,<MDL,<MDL,<MDL,<MDL,7.98,12.3,<MDL,<MDL,<MDL,<MDL,<MDL,<MDL,<MDL,<MDL
PFOS 1.5,MS138,Male,<MDL,293,<MDL,<MDL,<MDL,<MDL,<MDL,<MDL,<MDL,<MDL,<MDL,<MDL,<MDL,<MDL,9.22,16.5,<MDL,<MDL,<MDL,<MDL,<MDL,<MDL,<MDL,<MDL
PFOS 1.5,MS139,Male,<MDL,228,<MDL,<MDL,<MDL,<MDL,<MDL,<MDL,<MDL,<MDL,<MDL,<MDL,<MDL,<MDL,7.33,13.1,<MDL,<MDL,<MDL,<MDL,<MDL,<MDL,<MDL,<MDL
PFOS 1.5,MS140,Male,<MDL,219,<MDL,<MDL,<MDL,<MDL,<MDL,<MDL,<MDL,<MDL,<MDL,<MDL,<MDL,<MDL,7.46,12.5,<MDL,<MDL,<MDL,<MDL,<MDL,<MDL,<MDL,<MDL
PFOS 1.5,MS141,Male,<MDL,204,<MDL,<MDL,<MDL,<MDL,<MDL,<MDL,<MDL,<MDL,<MDL,<MDL,<MDL,<MDL,6.68,10.9,<MDL,<MDL,<MDL,<MDL,<MDL,<MDL,<MDL,<MDL
PFOS 1.5,MS142,Male,<MDL,214,<MDL,<MDL,<MDL,<MDL,<MDL,<MDL,<MDL,<MDL,<MDL,<MDL,<MDL,<MDL,8.84,13.5,<MDL,<MDL,<MDL,<MDL,<MDL,<MDL,<MDL,<MDL
PFOS 1.5,MS143,Male,<MDL,153,<MDL,<MDL,<MDL,<MDL,<MDL,<MDL,<MDL,<MDL,<MDL,<MDL,<MDL,<MDL,7.47,10.1,<MDL,<MDL,<MDL,<MDL,<MDL,<MDL,<MDL,<MDL
PFOS 1.5,MS144,Male,<MDL,181,<MDL,<MDL,<MDL,<MDL,<MDL,<MDL,<MDL,<MDL,<MDL,<MDL,<MDL,<MDL,8.12,11.7,<MDL,<MDL,<MDL,<MDL,<MDL,<MDL,<MDL,<MDL
Naive,FN145,Female,0.22494708,1.580645766,3.692045199,<MDL,<MDL,0.121756741,0.182067151,0.147101323,<MDL,<MDL,<MDL,<MDL,0.16510452,<MDL,<MDL,<MDL,<MDL,<MDL,<MDL,<MDL,<MDL,<MDL,<MDL,NA
Naive,FN146,Female,0.225842772,1.501028631,0.309290553,<MDL,<MDL,0.134451237,0.229664946,0.191214991,<MDL,<MDL,<MDL,<MDL,0.19886843,<MDL,<MDL,<MDL,<MDL,<MDL,<MDL,<MDL,<MDL,<MDL,<MDL,NA
Naive,FN147,Female,0.227170069,1.76038994,0.333745079,<MDL,<MDL,0.110232136,0.187091928,0.170880475,<MDL,<MDL,<MDL,<MDL,<MDL,<MDL,<MDL,<MDL,<MDL,<MDL,<MDL,<MDL,<MDL,<MDL,<MDL,NA
Naive,FN148,Female,<MDL,1.688196823,0.195104003,<MDL,<MDL,<MDL,0.210995302,0.165577782,<MDL,<MDL,<MDL,<MDL,<MDL,<MDL,<MDL,<MDL,<MDL,<MDL,<MDL,<MDL,<MDL,<MDL,<MDL,NA
Naive,FN149,Female,<MDL,1.842244734,0.228153916,<MDL,<MDL,0.101631262,0.136008507,<MDL,<MDL,<MDL,<MDL,<MDL,<MDL,<MDL,<MDL,<MDL,<MDL,<MDL,<MDL,<MDL,<MDL,<MDL,<MDL,NA
Naive,FN150,Female,<MDL,1.158823137,0.294206556,0.582754274,<MDL,<MDL,0.183203847,0.143098739,<MDL,<MDL,<MDL,<MDL,<MDL,<MDL,<MDL,<MDL,<MDL,<MDL,<MDL,<MDL,<MDL,<MDL,<MDL,NA
Naive,FN151,Female,<MDL,1.742747456,0.273011189,0.375829114,<MDL,<MDL,0.17159905,0.139895421,<MDL,<MDL,<MDL,<MDL,<MDL,<MDL,<MDL,<MDL,<MDL,<MDL,<MDL,<MDL,<MDL,<MDL,<MDL,NA
Naive,FN152,Female,<MDL,2.294393685,0.227363747,<MDL,<MDL,<MDL,0.130403872,<MDL,<MDL,<MDL,<MDL,<MDL,<MDL,<MDL,<MDL,<MDL,<MDL,<MDL,<MDL,<MDL,<MDL,<MDL,<MDL,NA
Vehicle,FV153,Female,0.58452916,2.707926593,0.272237375,<MDL,<MDL,0.099476342,0.145421398,0.14602058,<MDL,<MDL,<MDL,<MDL,<MDL,<MDL,<MDL,<MDL,<MDL,<MDL,<MDL,<MDL,<MDL,<MDL,<MDL,NA
Vehicle,FV154,Female,3.23564796,1.971665285,0.206812371,<MDL,<MDL,<MDL,0.143127631,<MDL,<MDL,<MDL,<MDL,<MDL,<MDL,<MDL,<MDL,<MDL,<MDL,<MDL,<MDL,<MDL,<MDL,<MDL,<MDL,NA
Vehicle,FV155,Female,0.352150864,3.065529853,0.271644385,<MDL,<MDL,<MDL,0.143240588,<MDL,<MDL,<MDL,<MDL,<MDL,<MDL,<MDL,<MDL,<MDL,<MDL,<MDL,<MDL,<MDL,<MDL,<MDL,<MDL,NA
Vehicle,FV156,Female,0.460711953,2.185858927,0.525143511,<MDL,<MDL,0.100313755,0.222047653,0.145289622,<MDL,<MDL,<MDL,<MDL,<MDL,<MDL,<MDL,<MDL,<MDL,<MDL,<MDL,<MDL,<MDL,<MDL,<MDL,NA
Vehicle,FV157,Female,0.365180351,1.265485573,0.446626905,<MDL,<MDL,<MDL,0.161971309,0.151465734,<MDL,<MDL,<MDL,<MDL,<MDL,<MDL,<MDL,<MDL,<MDL,<MDL,<MDL,<MDL,<MDL,<MDL,<MDL,NA
Vehicle,FV158,Female,0.318924462,1.799858285,0.488267004,<MDL,<MDL,<MDL,0.128092643,<MDL,<MDL,<MDL,<MDL,<MDL,<MDL,<MDL,<MDL,<MDL,<MDL,<MDL,<MDL,<MDL,<MDL,<MDL,<MDL,NA
Vehicle,FV159,Female,0.409911578,1.650647978,1.752499915,<MDL,<MDL,<MDL,0.170294043,0.133884925,<MDL,<MDL,<MDL,<MDL,<MDL,<MDL,<MDL,<MDL,<MDL,<MDL,<MDL,<MDL,<MDL,<MDL,<MDL,NA
Vehicle,FV160,Female,0.33548346,1.671017643,0.387199955,<MDL,<MDL,<MDL,0.175865199,0.135546504,<MDL,<MDL,<MDL,<MDL,<MDL,<MDL,<MDL,<MDL,<MDL,<MDL,<MDL,<MDL,<MDL,<MDL,<MDL,NA
PFOA 0.166,FA161,Female,8.83,<MDL,<MDL,<MDL,<MDL,<MDL,<MDL,<MDL,<MDL,<MDL,<MDL,<MDL,<MDL,<MDL,<MDL,<MDL,<MDL,<MDL,<MDL,<MDL,<MDL,<MDL,<MDL,<MDL
PFOA 0.166,FA162,Female,10.03,<MDL,<MDL,<MDL,<MDL,<MDL,<MDL,<MDL,<MDL,<MDL,<MDL,<MDL,<MDL,<MDL,<MDL,<MDL,<MDL,<MDL,<MDL,<MDL,<MDL,<MDL,<MDL,<MDL
PFOA 0.166,FA163,Female,11,<MDL,<MDL,<MDL,<MDL,<MDL,<MDL,<MDL,<MDL,<MDL,<MDL,<MDL,<MDL,<MDL,<MDL,<MDL,<MDL,<MDL,<MDL,<MDL,<MDL,<MDL,<MDL,<MDL
PFOA 0.166,FA164,Female,10.5,<MDL,<MDL,<MDL,<MDL,<MDL,<MDL,<MDL,<MDL,<MDL,<MDL,<MDL,<MDL,<MDL,<MDL,<MDL,<MDL,<MDL,<MDL,<MDL,<MDL,<MDL,<MDL,<MDL
PFOA 0.166,FA165,Female,7.24,<MDL,<MDL,<MDL,<MDL,<MDL,<MDL,<MDL,<MDL,<MDL,<MDL,<MDL,<MDL,<MDL,<MDL,<MDL,<MDL,<MDL,<MDL,<MDL,<MDL,<MDL,<MDL,<MDL
PFOA 0.166,FA166,Female,8.76,<MDL,<MDL,<MDL,<MDL,<MDL,<MDL,<MDL,<MDL,<MDL,<MDL,<MDL,<MDL,<MDL,<MDL,<MDL,<MDL,<MDL,<MDL,<MDL,<MDL,<MDL,<MDL,<MDL
PFOA 0.166,FA167,Female,9.23,<MDL,0.017,<MDL,<MDL,<MDL,<MDL,<MDL,<MDL,<MDL,<MDL,<MDL,<MDL,<MDL,<MDL,<MDL,<MDL,<MDL,<MDL,<MDL,<MDL,<MDL,<MDL,<MDL
PFOA 0.166,FA168,Female,11.8,<MDL,<MDL,<MDL,<MDL,<MDL,<MDL,<MDL,<MDL,<MDL,<MDL,<MDL,<MDL,<MDL,<MDL,<MDL,<MDL,<MDL,<MDL,<MDL,<MDL,<MDL,<MDL,<MDL
PFOA 0.5,FA169,Female,28.6,<MDL,<MDL,<MDL,<MDL,<MDL,<MDL,<MDL,<MDL,<MDL,<MDL,<MDL,<MDL,<MDL,<MDL,<MDL,<MDL,<MDL,<MDL,<MDL,<MDL,<MDL,<MDL,<MDL
PFOA 0.5,FA170,Female,32.2,<MDL,<MDL,<MDL,<MDL,<MDL,<MDL,<MDL,<MDL,<MDL,<MDL,<MDL,<MDL,<MDL,<MDL,<MDL,<MDL,<MDL,<MDL,<MDL,<MDL,<MDL,<MDL,<MDL
PFOA 0.5,FA171,Female,30.3,<MDL,<MDL,<MDL,<MDL,<MDL,<MDL,<MDL,<MDL,<MDL,<MDL,<MDL,<MDL,<MDL,<MDL,<MDL,<MDL,<MDL,<MDL,<MDL,<MDL,<MDL,<MDL,<MDL
PFOA 0.5,FA172,Female,30.7,<MDL,<MDL,<MDL,<MDL,<MDL,<MDL,<MDL,<MDL,<MDL,<MDL,<MDL,<MDL,<MDL,<MDL,<MDL,<MDL,<MDL,<MDL,<MDL,<MDL,<MDL,<MDL,<MDL
PFOA 0.5,FA173,Female,32.4,<MDL,<MDL,<MDL,<MDL,<MDL,<MDL,<MDL,<MDL,<MDL,<MDL,<MDL,<MDL,<MDL,<MDL,<MDL,<MDL,<MDL,<MDL,<MDL,<MDL,<MDL,<MDL,<MDL
PFOA 0.5,FA174,Female,23.5,<MDL,<MDL,<MDL,<MDL,<MDL,<MDL,0.051,<MDL,<MDL,<MDL,<MDL,<MDL,<MDL,<MDL,<MDL,<MDL,<MDL,<MDL,<MDL,<MDL,<MDL,<MDL,<MDL
PFOA 0.5,FA175,Female,30.6,<MDL,<MDL,<MDL,<MDL,<MDL,<MDL,0.041,<MDL,<MDL,<MDL,<MDL,<MDL,<MDL,<MDL,<MDL,<MDL,<MDL,<MDL,<MDL,<MDL,<MDL,<MDL,<MDL
PFOA 0.5,FA176,Female,28.2,<MDL,<MDL,<MDL,<MDL,<MDL,<MDL,0.051,<MDL,<MDL,<MDL,<MDL,<MDL,<MDL,<MDL,<MDL,<MDL,<MDL,<MDL,<MDL,<MDL,<MDL,<MDL,<MDL
PFOA 1,FA177,Female,45.8,<MDL,<MDL,<MDL,<MDL,<MDL,<MDL,<MDL,<MDL,<MDL,<MDL,<MDL,<MDL,<MDL,<MDL,<MDL,<MDL,<MDL,<MDL,<MDL,<MDL,<MDL,<MDL,<MDL
PFOA 1,FA178,Female,47.9,<MDL,<MDL,<MDL,<MDL,<MDL,<MDL,<MDL,<MDL,<MDL,<MDL,<MDL,<MDL,<MDL,<MDL,<MDL,<MDL,<MDL,<MDL,<MDL,<MDL,<MDL,<MDL,<MDL
PFOA 1,FA179,Female,42.9,<MDL,<MDL,<MDL,<MDL,<MDL,<MDL,<MDL,<MDL,<MDL,<MDL,<MDL,<MDL,<MDL,<MDL,<MDL,<MDL,<MDL,<MDL,<MDL,<MDL,<MDL,<MDL,<MDL
PFOA 1,FA180,Female,36.2,<MDL,<MDL,<MDL,<MDL,<MDL,<MDL,<MDL,<MDL,<MDL,<MDL,<MDL,<MDL,<MDL,<MDL,<MDL,<MDL,<MDL,<MDL,<MDL,<MDL,<MDL,<MDL,<MDL
PFOA 1,FA181,Female,44.7,<MDL,<MDL,<MDL,<MDL,<MDL,<MDL,<MDL,<MDL,<MDL,<MDL,<MDL,<MDL,<MDL,<MDL,<MDL,<MDL,<MDL,<MDL,<MDL,<MDL,<MDL,<MDL,<MDL
PFOA 1,FA182,Female,44.3,<MDL,<MDL,<MDL,<MDL,<MDL,<MDL,<MDL,<MDL,<MDL,<MDL,<MDL,<MDL,<MDL,<MDL,<MDL,<MDL,<MDL,<MDL,<MDL,<MDL,<MDL,<MDL,<MDL
PFOA 1,FA183,Female,48.8,<MDL,<MDL,<MDL,<MDL,<MDL,<MDL,<MDL,<MDL,<MDL,<MDL,<MDL,<MDL,<MDL,<MDL,<MDL,<MDL,<MDL,<MDL,<MDL,<MDL,<MDL,<MDL,<MDL
PFOA 1,FA184,Female,44.5,<MDL,<MDL,<MDL,<MDL,<MDL,<MDL,<MDL,<MDL,<MDL,<MDL,<MDL,<MDL,<MDL,<MDL,<MDL,<MDL,<MDL,<MDL,<MDL,<MDL,<MDL,<MDL,<MDL
PFOA 1.5,FA185,Female,45.8,<MDL,<MDL,<MDL,<MDL,<MDL,<MDL,<MDL,<MDL,<MDL,<MDL,<MDL,<MDL,<MDL,<MDL,<MDL,<MDL,<MDL,<MDL,<MDL,<MDL,<MDL,<MDL,<MDL
PFOA 1.5,FA186,Female,46.8,<MDL,<MDL,<MDL,<MDL,<MDL,<MDL,<MDL,<MDL,<MDL,<MDL,<MDL,<MDL,<MDL,<MDL,<MDL,<MDL,<MDL,<MDL,<MDL,<MDL,<MDL,<MDL,<MDL
PFOA 1.5,FA187,Female,46.5,<MDL,<MDL,<MDL,<MDL,<MDL,<MDL,<MDL,<MDL,<MDL,<MDL,<MDL,<MDL,<MDL,<MDL,<MDL,<MDL,<MDL,<MDL,<MDL,<MDL,<MDL,<MDL,<MDL
PFOA 1.5,FA188,Female,52.8,<MDL,<MDL,<MDL,<MDL,<MDL,<MDL,<MDL,<MDL,<MDL,<MDL,<MDL,<MDL,<MDL,<MDL,<MDL,<MDL,<MDL,<MDL,<MDL,<MDL,<MDL,<MDL,<MDL
PFOA 1.5,FA189,Female,58.3,<MDL,<MDL,<MDL,<MDL,<MDL,<MDL,<MDL,<MDL,<MDL,<MDL,<MDL,<MDL,<MDL,<MDL,<MDL,<MDL,<MDL,<MDL,<MDL,<MDL,<MDL,<MDL,<MDL
PFOA 1.5,FA190,Female,50.2,<MDL,<MDL,<MDL,<MDL,<MDL,<MDL,<MDL,<MDL,<MDL,<MDL,<MDL,<MDL,<MDL,<MDL,<MDL,<MDL,<MDL,<MDL,<MDL,<MDL,<MDL,<MDL,<MDL
PFOA 1.5,FA191,Female,61.9,<MDL,<MDL,<MDL,<MDL,<MDL,<MDL,<MDL,<MDL,<MDL,<MDL,<MDL,<MDL,<MDL,<MDL,<MDL,<MDL,<MDL,<MDL,<MDL,<MDL,<MDL,<MDL,<MDL
PFOA 1.5,FA192,Female,60.8,<MDL,<MDL,<MDL,<MDL,<MDL,<MDL,<MDL,<MDL,<MDL,<MDL,<MDL,<MDL,<MDL,<MDL,<MDL,<MDL,<MDL,<MDL,<MDL,<MDL,<MDL,<MDL,<MDL
PFOS 0.166,FS193,Female,<MDL,21.7,<MDL,<MDL,<MDL,<MDL,<MDL,<MDL,<MDL,<MDL,<MDL,<MDL,<MDL,<MDL,0.596,0.842,<MDL,<MDL,<MDL,<MDL,<MDL,<MDL,<MDL,<MDL
PFOS 0.166,FS194,Female,<MDL,24,<MDL,<MDL,<MDL,<MDL,<MDL,<MDL,<MDL,<MDL,<MDL,<MDL,<MDL,<MDL,0.633,0.888,<MDL,<MDL,<MDL,<MDL,<MDL,<MDL,<MDL,<MDL
PFOS 0.166,FS195,Female,<MDL,28.4,<MDL,<MDL,<MDL,<MDL,<MDL,<MDL,<MDL,<MDL,<MDL,<MDL,<MDL,<MDL,0.583,1.044,<MDL,<MDL,<MDL,<MDL,<MDL,<MDL,<MDL,<MDL
PFOS 0.166,FS196,Female,<MDL,26.1,<MDL,<MDL,<MDL,<MDL,<MDL,<MDL,<MDL,<MDL,<MDL,<MDL,<MDL,<MDL,0.634,0.971,<MDL,<MDL,<MDL,<MDL,<MDL,<MDL,<MDL,<MDL
PFOS 0.166,FS197,Female,<MDL,29.3,<MDL,<MDL,<MDL,<MDL,<MDL,<MDL,<MDL,<MDL,<MDL,<MDL,<MDL,<MDL,0.616,1.126,<MDL,<MDL,<MDL,<MDL,<MDL,<MDL,<MDL,<MDL
PFOS 0.166,FS198,Female,<MDL,31,0,<MDL,<MDL,<MDL,<MDL,<MDL,<MDL,<MDL,<MDL,<MDL,<MDL,<MDL,0.778,1.089,<MDL,<MDL,<MDL,<MDL,<MDL,<MDL,<MDL,<MDL
PFOS 0.166,FS199,Female,<MDL,33.5,<MDL,<MDL,<MDL,<MDL,<MDL,<MDL,<MDL,<MDL,<MDL,<MDL,<MDL,<MDL,0.759,1.17,<MDL,<MDL,<MDL,<MDL,<MDL,<MDL,<MDL,<MDL
PFOS 0.166,FS200,Female,<MDL,29.7,<MDL,<MDL,<MDL,<MDL,<MDL,<MDL,<MDL,<MDL,<MDL,<MDL,<MDL,<MDL,0.745,1.157,<MDL,<MDL,<MDL,<MDL,<MDL,<MDL,<MDL,<MDL
PFOS 0.5,FS201,Female,<MDL,24.2,<MDL,<MDL,<MDL,<MDL,<MDL,<MDL,<MDL,<MDL,<MDL,<MDL,<MDL,<MDL,0.732,1.088,<MDL,<MDL,<MDL,<MDL,<MDL,<MDL,<MDL,<MDL
PFOS 0.5,FS202,Female,<MDL,94.5,<MDL,<MDL,<MDL,<MDL,<MDL,<MDL,<MDL,<MDL,<MDL,<MDL,<MDL,<MDL,2.39,3.67,<MDL,<MDL,<MDL,<MDL,<MDL,<MDL,<MDL,<MDL
PFOS 0.5,FS203,Female,<MDL,78.4,<MDL,<MDL,<MDL,<MDL,<MDL,<MDL,<MDL,<MDL,<MDL,<MDL,<MDL,<MDL,2.1,3.1,<MDL,<MDL,<MDL,<MDL,<MDL,<MDL,<MDL,<MDL
PFOS 0.5,FS204,Female,<MDL,77.8,<MDL,<MDL,<MDL,<MDL,<MDL,<MDL,<MDL,<MDL,<MDL,<MDL,<MDL,<MDL,1.95,2.99,<MDL,<MDL,<MDL,<MDL,<MDL,<MDL,<MDL,<MDL
PFOS 0.5,FS205,Female,<MDL,91.3,<MDL,<MDL,<MDL,<MDL,<MDL,<MDL,<MDL,<MDL,<MDL,<MDL,<MDL,<MDL,2.24,3.91,<MDL,<MDL,<MDL,<MDL,<MDL,<MDL,<MDL,<MDL
PFOS 0.5,FS206,Female,<MDL,90.8,<MDL,<MDL,<MDL,<MDL,<MDL,<MDL,<MDL,<MDL,<MDL,<MDL,<MDL,<MDL,2.12,3.62,<MDL,<MDL,<MDL,<MDL,<MDL,<MDL,<MDL,<MDL
PFOS 0.5,FS207,Female,<MDL,90.4,<MDL,<MDL,<MDL,<MDL,<MDL,<MDL,<MDL,<MDL,<MDL,<MDL,<MDL,<MDL,2.41,3.58,<MDL,<MDL,<MDL,<MDL,<MDL,<MDL,<MDL,<MDL
PFOS 0.5,FS208,Female,<MDL,90.4,0,<MDL,<MDL,<MDL,<MDL,<MDL,<MDL,<MDL,<MDL,<MDL,<MDL,<MDL,2.44,3.61,<MDL,<MDL,<MDL,<MDL,<MDL,<MDL,<MDL,<MDL
PFOS 1,FS209,Female,<MDL,123,<MDL,<MDL,<MDL,<MDL,<MDL,<MDL,<MDL,<MDL,<MDL,<MDL,<MDL,<MDL,4.45,5.43,<MDL,<MDL,<MDL,<MDL,<MDL,<MDL,<MDL,<MDL
PFOS 1,FS210,Female,<MDL,124,<MDL,<MDL,<MDL,<MDL,<MDL,<MDL,<MDL,<MDL,<MDL,<MDL,<MDL,<MDL,3.87,5.77,<MDL,<MDL,<MDL,<MDL,<MDL,<MDL,<MDL,<MDL
PFOS 1,FS211,Female,<MDL,134,<MDL,<MDL,<MDL,<MDL,<MDL,<MDL,<MDL,<MDL,<MDL,<MDL,<MDL,<MDL,4.77,5.99,<MDL,<MDL,<MDL,<MDL,<MDL,<MDL,<MDL,<MDL
PFOS 1,FS212,Female,<MDL,132,<MDL,<MDL,<MDL,<MDL,<MDL,<MDL,<MDL,<MDL,<MDL,<MDL,<MDL,<MDL,3.57,6.35,<MDL,<MDL,<MDL,<MDL,<MDL,<MDL,<MDL,<MDL
PFOS 1,FS213,Female,<MDL,160,<MDL,<MDL,<MDL,<MDL,<MDL,<MDL,<MDL,<MDL,<MDL,<MDL,<MDL,<MDL,4.92,7.03,<MDL,<MDL,<MDL,<MDL,<MDL,<MDL,<MDL,<MDL
PFOS 1,FS214,Female,<MDL,151,<MDL,<MDL,<MDL,<MDL,<MDL,<MDL,<MDL,<MDL,<MDL,<MDL,<MDL,<MDL,4.66,6.25,<MDL,<MDL,<MDL,<MDL,<MDL,<MDL,<MDL,<MDL
PFOS 1,FS215,Female,<MDL,141,<MDL,<MDL,<MDL,<MDL,<MDL,<MDL,<MDL,<MDL,<MDL,<MDL,<MDL,<MDL,4.59,6.41,<MDL,<MDL,<MDL,<MDL,<MDL,<MDL,<MDL,<MDL
PFOS 1,FS216,Female,<MDL,116,<MDL,<MDL,<MDL,<MDL,<MDL,<MDL,<MDL,<MDL,<MDL,<MDL,<MDL,<MDL,4.49,5.39,<MDL,<MDL,<MDL,<MDL,<MDL,<MDL,<MDL,<MDL
PFOS 1.5,FS217,Female,<MDL,189,<MDL,<MDL,<MDL,<MDL,<MDL,<MDL,<MDL,<MDL,<MDL,<MDL,<MDL,<MDL,4,6.43,<MDL,<MDL,<MDL,<MDL,<MDL,<MDL,<MDL,<MDL
PFOS 1.5,FS218,Female,<MDL,123,<MDL,<MDL,<MDL,<MDL,<MDL,<MDL,<MDL,<MDL,<MDL,<MDL,<MDL,<MDL,4,6.42,<MDL,<MDL,<MDL,<MDL,<MDL,<MDL,<MDL,<MDL
PFOS 1.5,FS219,Female,<MDL,217,<MDL,<MDL,<MDL,<MDL,<MDL,<MDL,<MDL,<MDL,<MDL,<MDL,<MDL,<MDL,3.63,7.2,<MDL,<MDL,<MDL,<MDL,<MDL,<MDL,<MDL,<MDL
PFOS 1.5,FS220,Female,<MDL,187,<MDL,<MDL,<MDL,<MDL,<MDL,<MDL,<MDL,<MDL,<MDL,<MDL,<MDL,<MDL,5.29,8.38,<MDL,<MDL,<MDL,<MDL,<MDL,<MDL,<MDL,<MDL
PFOS 1.5,FS221,Female,<MDL,164,<MDL,<MDL,<MDL,<MDL,<MDL,<MDL,<MDL,<MDL,<MDL,<MDL,<MDL,<MDL,5.43,8.3,<MDL,<MDL,<MDL,<MDL,<MDL,<MDL,<MDL,<MDL
PFOS 1.5,FS222,Female,<MDL,206,<MDL,<MDL,<MDL,<MDL,<MDL,<MDL,<MDL,<MDL,<MDL,<MDL,<MDL,<MDL,5.43,9.04,<MDL,<MDL,<MDL,<MDL,<MDL,<MDL,<MDL,<MDL
PFOS 1.5,FS223,Female,<MDL,204,<MDL,<MDL,<MDL,<MDL,<MDL,<MDL,<MDL,<MDL,<MDL,<MDL,<MDL,<MDL,3.02,6.69,<MDL,<MDL,<MDL,<MDL,<MDL,<MDL,<MDL,<MDL
PFOS 1.5,FS224,Female,<MDL,189,<MDL,<MDL,<MDL,<MDL,<MDL,<MDL,<MDL,<MDL,<MDL,<MDL,<MDL,<MDL,5.29,8.83,<MDL,<MDL,<MDL,<MDL,<MDL,<MDL,<MDL,<MDL
